CourseId,CourseCode
2-speed-it,100I
20cnwm,101O
2d-cad,102U
3d-cad,103A
3d-printing,104V
3d-printing-applications,105L
3d-printing-revolution,106X
3d-printing-software,107X
a-programar,108T
abdomen-anatomy,109Z
ableton-live,110Q
aboriginal-education,111Z
academic-discussion-english,112S
academic-literacy,113R
academic-writing-capstone,114C
academicinfoseek,115Z
accounting-analytics,116A
accounting-finance,117L
accounting-for-managers,118G
activism-social-movements,119S
activismo-movimientos-sociales,120N
addiction-and-the-brain,121S
adhd-treatment,122V
adjective-clauses,123B
administracion-de-proyectos-capstone,124J
administracion-estrategica,125Z
admonfinanciera,126M
advanced-algorithms-and-complexity,127W
advanced-calculus,128A
advanced-chemistry,129J
advanced-competitive-strategy,130I
advanced-competitive-strategy-zh,131D
advanced-data-structures,132U
advanced-excel,133Q
advanced-manufacturing-enterprise,134Q
advanced-manufacturing-process-analysis,135N
advanced-modeling,136H
advanced-neurobiology1,137D
advanced-r,138E
advanced-trading-algorithms,139B
advanced-writing,140I
advancedneurobiologyii,141Z
ageing,142W
ageofjefferson,143G
agile-planning-for-software-products,144N
agriculture-economics-nature,145G
aids-fear-hope,146L
aires-protegees,147L
akademiskt-skrivande,148K
algebra-basica,149K
algebra-lineynaya,150K
algorithmic-thinking-1,151V
algorithmic-thinking-2,152Q
algorithmic-toolbox,153V
algorithms,154C
algorithms-divide-conquer,155E
algorithms-graphs-data-structures,156E
algorithms-greedy,157P
algorithms-npcomplete,158I
algorithms-on-graphs,159V
algorithms-on-strings,160X
algorithms-part1,161T
alimentacion-vuelta-al-mundo,162U
alta-direccion,163C
altruism,164B
america-latina,165F
america-through-foreign-eyes,166A
analisis-datos-proyecto-final,167L
analisis-de-datos,168A
analisis-de-datos-aplicaciones,169D
analisis-sistemas-de-transporte,170L
analizando-politicas-economicas,171C
analyse-numerique,172Z
analysing-complexity,173M
analysis-business-problem-iese,174A
analytics-business-metrics,175P
analytics-capstone,176K
analytics-excel,177C
analytics-mysql,178J
analytics-tableau,179V
analyze,180S
ancient-greeks,181A
ancient-marine-reptiles,182U
android-app,183X
android-programming,184I
android-programming-2,185Q
androidapps,186T
androidapps-2,187Q
angular-js,188R
animal-welfare,189D
anticipate,190A
antimicrobial-resistance,191U
aoo,192N
ap-physics-1,193K
aplicaciones-android,194Y
aplicaciones-web,195P
aplicativo-para-iphone,196A
applying-to-college,197G
appreciative-inquiry,198P
approximation-algorithms-part-1,199W
approximation-algorithms-part-2,1100V
aprender,1101K
aprendiendo-a-aprender,1102J
aprendo,1103R
arabic-for-media,1104E
archaeoastronomy,1105Q
archoftitus,1106Q
arctic-introduction-climate,1107G
arduino,1108B
arduino-aplicaciones,1109L
arduino-platform,1110L
aristotle,1111T
art-activity,1112L
art-of-negotiation,1113W
arte-de-negociacion,1114N
arte-publico-pedagogia,1115I
artinquiry,1116F
arts-culture-innovation,1117I
arts-heritage,1118G
assembling-genomes,1119H
astro,1120F
astrobiology,1121H
astrofizika,1122C
astronomy,1123H
astronomy-technology,1124Z
atc21s,1125P
audio-engineering,1126I
audio-signal-processing,1127N
augmented-reality,1128K
aulaconstructivista,1129T
autism-spectrum-disorder,1130N
autoliderazgo-gestion-emociones,1131C
automata-system-validation,1132M
autoridad,1133J
b2b-marketing,1134X
bacterial-infections,1135H
basic-chemistry,1136A
basic-modeling,1137V
basic-statistics,1138B
bayesian,1139X
bayesian-statistics,1140C
bd2k-lincs,1141P
be-a-leader,1142M
beam-bending,1143F
become-a-journalist-capstone,1144P
becoming-a-veterinarian,1145J
beethoven-piano-sonatas,1146V
behavioral-investing,1147A
behavioralgenetics,1148C
being-a-teacher,1149A
bian-ju,1150T
biancheng-suanfa-biye-xiangmu,1151M
biases-portfolio-selection,1152S
bible-history,1153M
bidonvilles,1154M
bienestar-equidad-derechos-humanos,1155L
big-bang,1156S
big-data-cloud-computing-cdn,1157Z
big-data-graph-analytics,1158O
big-data-integration-processing,1159E
big-data-introduction,1160V
big-data-machine-learning,1161L
big-data-management,1162O
big-data-project,1163N
big-history,1164V
big-ideas,1165F
bighistory,1166J
bilingual,1167B
bim-sumo,1168K
bim-yingyong,1169Q
bioconductor,1170Z
biodiversity,1171U
bioelectricity,1172K
bioinformatics,1173I
bioinformatics-methods-1,1174X
bioinformatics-methods-2,1175Q
bioinformatics-pku,1176Q
bioinformatics-project,1177U
bioinformatika,1178K
biological-diversity,1179G
biosensory,1180Y
biostatistics,1181K
biostatistics-2,1182B
blended-learning,1183A
brand-management,1184V
brand-new-brand,1185E
brasileiro-portugues,1186Y
breast-cancer-causes-prevention,1187P
buddhist-meditation,1188F
build-a-computer,1189U
build-app,1190W
build-data-science-team,1191W
bulgakov-master-i-margarita,1192T
business,1193J
business-accounting,1194R
business-analytics-decision-making,1195I
business-assessment,1196Y
business-chinese,1197N
business-data,1198O
business-english,1199Y
business-english-capstone,1200X
business-english-intro,1201X
business-english-meetings,1202A
business-english-negotiating,1203C
business-english-presentations,1204B
business-english-vocabulary,1205I
business-intelligence-tools,1206O
business-model,1207J
business-model-canvas,1208K
business-of-cybersecurity-capstone,1209O
business-of-social,1210L
business-planning,1211W
business-statistics,1212P
business-strategies,1213R
business-writing,1214D
businesscap,1215X
c-bian-cheng,1216N
c-chengxu-sheji,1217Z
c-plus-plus-a,1218U
c-plus-plus-b,1219H
cad,1220O
cad3d,1221U
calculo-1,1222T
calculo-2,1223Q
calculo-3,1224Y
calculo-4,1225U
calculo-diferencial,1226I
calculus1,1227H
calvin,1228P
cambios-temperatura,1229C
camera-control,1230D
camino-excelencia-gestion-proyectos,1231R
canal-distribucion,1232Q
cancer,1233Q
cancer-metastasis,1234V
capital-budgeting,1235P
capital-markets,1236F
capitalismo-consciente,1237G
career-advancement,1238S
career-brand-development-self-coaching,1239C
career-planning,1240D
career-success-capstone,1241C
careerdevelopment,1242L
cartographie,1243S
cataract-surgery,1244N
cats-and-dogs,1245K
causal-effects,1246G
cennye-bumagi-pravovoe-regulirovanie,1247S
chang-jian-man-xing-bing,1248A
change,1249B
change-for-the-finance-professional,1250R
changing-arctic,1251A
changing-global-order,1252E
channel-management,1253X
chemerinsky-individual-rights,1254A
chemerinsky-on-constitutional-law-structure-of-government,1255H
chemicals-health,1256Y
chemistry-1,1257A
chickens,1258F
childbirth,1259Z
childnutrition,1260P
childrens-rights,1261I
china-culture-contemporary,1262N
chinese-philosophy,1263Q
chinese-politics-2,1264F
chinesepolitics1,1265C
chino-etiqueta-negocios,1266C
chino-primera-impresion,1267O
chino-viajes-de-negocios,1268Q
chronic-pain,1269E
chuangxin-siwei,1270N
ciencia,1271P
ciencia-computacao-python-conceitos,1272Z
clasificacion-imagenes,1273J
classical-composition,1274B
classical-sociological-theory,1275D
classics-chinese-humanities,1276H
client-needs-and-software-requirements,1277O
climate-change-mitigation,1278B
climate-science,1279Q
clinical-data-management,1280L
clinical-epidemiology,1281V
clinical-kidney-transplantation,1282U
clinical-research,1283G
clinical-skills,1284S
clinical-terminology,1285W
clinical-trials,1286J
cloud-applications-part1,1287P
cloud-applications-part2,1288R
cloud-computing,1289V
cloud-computing-2,1290K
cloud-computing-adoption,1291Q
cloud-computing-project,1292X
cloud-networking,1293K
cluster-analysis,1294I
coaching-conversations,1295N
coaching-expectations-performance,1296O
coaching-practices,1297L
coaching-teachers,1298V
codapps,1299X
collaborative-filtering,1300I
college-life,1301Z
combinatorial-game-theory,1302Z
common-law,1303I
communicating-business-analytics-results,1304Q
communication,1305W
communication-in-the-workplace,1306J
community-public-health,1307G
como-autoconstruir-tu-vivienda,1308W
como-persuadir,1309M
comonoscambialatecnologia,1310E
company-future-management,1311Q
company-valuation,1312N
comparative-political-economy,1313F
comparch,1314Q
comparing-genomes,1315I
compensation-management,1316C
competencias-lab,1317Q
competitive-strategy,1318N
competitivestrategyzh,1319G
complex-analysis,1320L
composicion-canciones,1321R
compra-programatica,1322A
computational-investing,1323Y
computational-neuroscience,1324R
computer-architecture-fundamentals,1325D
comunicacion-experimentacion-aprendizaje,1326H
comunicacion-trabajo,1327M
comunicaciones-integradas-marketing,1328P
conflict-management-capstone-project,1329H
conflict-resolution-skills,1330H
conjunctions-connectives-adverb-clauses,1331I
construction-cost-estimating,1332T
construction-finance,1333X
construction-project-management,1334P
construction-scheduling,1335Q
construyendo-android-proyecto,1336A
contabilidad,1337S
contabilidad-financiera,1338O
content-management-strategy,1339T
content-marketing,1340U
content-strategy-project,1341I
continuous-learning-culture,1342S
contrats,1343E
controle,1344Z
controle-s,1345O
converter-circuits,1346A
converter-control,1347P
copyright-for-education,1348U
copyright-for-multimedia,1349G
corporate-entrepreneurs-business-model,1350X
corporate-entrepreneurs-opportunity,1351Z
corporate-finance-essentials,1352X
corporate-finance-measure-success,1353P
corporate-finance-two,1354P
corporate-strategy,1355Z
correccion-estilo-variaciones,1356X
costosparanegocios,1357V
country-level-economics,1358E
cpp-chengxu-sheji,1359G
cpp-poo,1360V
craft-of-character,1361W
craft-of-plot,1362T
craft-of-setting-and-description,1363F
craft-of-style,1364T
creating-innovation,1365A
creative-problem-solving,1366P
creatividad,1367E
creatividad-proyecto-final,1368Q
creativity-innovation,1369A
criacao-startups,1370S
critical-management,1371H
cross-cultural-communication-business,1372Q
cryo-em,1373S
crypto,1374B
cryptocurrency,1375X
cryptography,1376P
cs-tech-interview,1377F
csharp-gaoji-biancheng,1378E
current-control,1379F
cyber-conflicts,1380J
cyber-security-capstone,1381E
cyber-security-domain,1382U
cybersecurity-and-x-factor,1383K
cybersecurity-mobility,1384H
da-xue-hua-xue,1385Z
dairy-production,1386J
dangdai-yingyong-xinli-xue,1387S
daojiao,1388O
daoyan-siwei-weiyingren,1389W
data-analysis-applications,1390X
data-analysis-capstone,1391M
data-analysis-project,1392F
data-analysis-tools,1393L
data-analytics-business,1394Y
data-analytics-for-lean-six-sigma,1395M
data-cleaning,1396P
data-collection-framework,1397Q
data-collection-methods,1398A
data-driven-astronomy,1399C
data-genes-medicine,1400Y
data-management,1401Z
data-manipulation,1402H
data-patterns,1403I
data-products,1404P
data-results,1405H
data-science-course,1406V
data-science-project,1407I
data-scientists-tools,1408T
data-structures,1409L
data-structures-optimizing-performance,1410H
data-visualization,1411U
data-visualization-tableau,1412Q
data-warehouse-bi-building,1413Y
database-management,1414P
datasci-capstone,1415Z
datasciencemathskills,1416C
datavisualization,1417H
dataviz-dashboards,1418Y
dataviz-design,1419G
dataviz-visual-analytics,1420R
datos-tecnicas,1421M
decentralization-africa,1422E
deceptiondetox,1423O
decision-making,1424T
decodificando-silicon-valley,1425F
deductive-reasoning,1426G
deliver-the-news,1427V
demanda-de-transporte,1428R
demandmanagement,1429R
dementia-care,1430X
democracia,1431E
dental-medicine-penn,1432J
desarrollo-de-aplicaciones,1433X
desarrollo-musicalidad,1434X
desarrollo-urbano,1435I
desarrollo-videojuegos-unity,1436V
descriptive-statistics-statistical-distributions-business-application,1437M
desenvolvimento-agil-com-java-avancado,1438E
design-coaching-strategy,1439S
design-principles,1440V
design-research,1441F
designexperiments,1442W
designing-organization,1443P
deteccion-objetos,1444T
develop-your-musicianship,1445I
developer-iot,1446I
developpement-durable,1447S
developpement-urbain,1448Q
diabetes,1449D
diabetes-essential-facts,1450B
dianci,1451K
dianci-2,1452L
digital,1453P
digital-analytics,1454N
digital-business-models,1455F
digital-democracy,1456V
digital-literacy,1457J
digital-manufacturing-design,1458G
digital-marketing-capstone,1459N
digital-storytelling,1460R
digital-systems,1461K
digital-thread-components,1462C
digital-thread-implementation,1463N
digital-transformations,1464U
digitalmedia,1465T
dino101,1466D
disability-awareness,1467U
disaster-preparedness,1468I
discounted-cash-flow,1469A
discrete-mathematics-ch,1470E
discrete-optimization,1471D
diseno-proyectos-promocion-bienestar,1472Q
diseno-videojuegos-intro,1473K
diverse-teams,1474Z
diversity-inclusion-workplace,1475J
dmathgen,1476K
dna-analysis,1477B
dna-mutations,1478W
dna-sequencing,1479S
dog-emotion-and-cognition,1480H
dopage,1481O
doping,1482H
droits-de-lhomme,1483Z
drug-commercialization,1484C
drug-development,1485W
drug-discovery,1486W
dsp,1487A
duke-behavioral-finance,1488C
duke-programming-web,1489D
dwdesign,1490O
dwrelational,1491V
dynamical-modeling,1492E
dynamics,1493P
dyslexia-difficulties,1494V
e-learning,1495L
early-vertebrate-evolution,1496G
earth-amnh,1497X
earth-climate-change,1498O
ebola-essentials-for-health-professionals,1499V
ebola-vaincre-ensemble,1500X
ebola-virus,1501K
eclipse,1502V
ecologie,1503B
ecologie-politique,1504I
economic-growth-part-1,1505M
economic-growth-part-2,1506R
economic-policy,1507R
economics-transition-emerging-markets,1508V
economie-sol-immobilier-1,1509S
economy-russia-transition,1510R
ecosystem-services,1511H
edinburgh-music-theory,1512D
educacion-superior,1513S
effective-content-strategy,1514U
effective-intercultural-communication,1515E
effectuation,1516T
egypt,1517I
ehealth,1518Y
einstein-relativity,1519K
ekonometrika,1520L
ekonomicheskaya-sociologiya,1521W
ekonomika-dlya-neekonomistov,1522Q
elearning,1523D
electric-utilities,1524X
electrones-en-accion,1525U
electronic-converters,1526B
electronics,1527J
electrostatica,1528K
elementy-atomnoj-i-yadernoj-fiziki,1529Y
ell-assessment,1530N
ell-families,1531G
ell-lesson,1532A
embedded-operating-system,1533P
emergence-of-life,1534O
emergent-phenomena,1535R
emerging-technologies-capstone,1536V
emotional-intelligence-leadership,1537J
emotions,1538A
employee-performance,1539Z
empreendedorismo,1540Y
emprender,1541H
empresas-alimentos-bebidas,1542P
energy-101,1543H
energy-business,1544Y
engagement-strategy,1545X
engineering-mechanics-statics,1546C
engineering-mechanics-statics-2,1547I
engineeringandroidapps,1548V
english-communication-capstone,1549L
english-composition,1550O
english-for-business-project,1551R
english-for-business-writing,1552N
english-principles,1553E
ensino-hibrido,1554I
entender-diseno,1555O
entrepreneur-changement,1556A
entrepreneurial-mindset,1557K
entrepreneurial-strategic-management,1558F
entrepreneurial-thinking,1559C
entrepreneuriatquichangelemonde,1560N
entrepreneurship-capstone,1561L
entrepreneurship-development,1562A
enumerative-combinatorics,1563T
environmental-law,1564Q
environnement-urbain-afrique,1565Y
epidemic-pandemic-outbreak,1566F
epidemics,1567M
epidemiology,1568B
epigenetics,1569V
eportfolio-english,1570M
equilibrio,1571F
erasmus-econometrics,1572W
escritura-en-negocios,1573J
esl-reading,1574H
espace-mondial-ar,1575G
essentials-global-health,1576O
estaciones-clima,1577W
estadistica-aplicada-negocios,1578D
estilos-liderazgo,1579L
estrategia-financiera,1580T
estrategia-precios,1581N
estrategias-de-negociacion,1582S
estrategias-negociacion,1583O
estrategiasparaganar-meteorologia,1584J
estructura,1585Q
ethical-social-media,1586O
ethique,1587N
etica,1588X
etkili-konusma,1589V
etudier-en-france,1590V
eu-competition-law,1591U
eu-law-doing-business,1592F
eu-making-europe-work,1593H
europe,1594U
european-law-fundamentals,1595P
evaluaciondeinversiones,1596A
everyday-leadership-application,1597C
everyday-leadership-foundation,1598A
evolution-today,1599C
evolvinguniverse,1600P
excel-analysis,1601R
excel-data-analysis,1602O
excel-para-negocios,1603P
executive-data-science-capstone,1604E
experimental-methods,1605G
experimentation,1606E
exploratory-data-analysis,1607I
exploring-beethoven-piano-sonatas-2,1608Y
exploring-visualizing-iot-data,1609P
exposure-photography,1610B
extracellular-potentials,1611C
extracellular-vesicles,1612S
family-planning,1613A
fanyi-ruanjian,1614U
fe-exam,1615N
feedback,1616T
fhir,1617S
fia-gestao-clubes-federacoes-esportivas,1618B
fibonacci,1619Z
film-images,1620B
filosofiya-kultury,1621U
finance-decisions,1622E
finance-economics-english,1623O
finance-for-non-finance,1624G
finance-for-non-finance-managers,1625I
finance-for-non-financial-managers,1626Q
finance-markets,1627E
finance-value,1628C
financial-accounting,1629H
financial-accounting-advanced,1630I
financial-accounting-basics,1631P
financial-analysis,1632A
financial-analysis-project,1633P
financial-engineering-1,1634V
financial-engineering-2,1635I
financial-markets,1636T
financial-markets-intro,1637H
financial-statements,1638F
financiar-mi-empresa,1639E
finansovye-rynki,1640V
finansy,1641D
finanzas-empresariales,1642H
finanzas-no-expertos,1643V
finanzas-personales,1644O
finite-element-method,1645U
fire-effect,1646S
firm-level-economics,1647S
firm-level-economics-markets,1648J
fisica-universitaria,1649M
fixing-healthcare,1650X
fizika-v-opitah-elektrichestvo-i-magnetizm,1651U
fizika-v-opitah-mehanika,1652C
fluid-power,1653N
fluid-solid-interaction,1654K
food-and-health,1655D
food-beverage-management,1656V
forecasting-models-marketing-decisions,1657Y
forensic-accounting,1658Q
forensic-science,1659Y
formadores-ciudadania,1660C
formal-concept-analysis,1661J
foundations-marketing-analytics,1662S
french-revolution,1663D
friends-money-bytes,1664Z
functional-mri,1665V
functional-mri-2,1666M
fundamentals-of-computing-capstone,1667A
fundamentals-of-graphic-design,1668E
fundamentals-of-management,1669P
fundamentals-of-revenue-management,1670G
fundamentos,1671S
fundamentos-de-gestion,1672I
fundamentos-del-emprendimiento,1673V
fundamentos-marketing-mix,1674F
fundamentosgoogle,1675E
future-education,1676E
future-of-energy,1677V
galaxy-project,1678G
galois,1679K
game-character-design,1680I
game-design,1681K
game-design-document,1682N
game-development,1683I
game-programming,1684Y
game-theory,1685S
game-theory-1,1686L
game-theory-2,1687T
game-theory-introduction,1688D
gamedesign,1689I
gamedev-business,1690M
gamedev-capstone,1691H
gamedev-platforms,1692E
games,1693A
gametheory,1694S
gaoji-shuju-jiegou,1695Y
gaojie-wei-jifen,1696W
gaoxiao-xiezuo,1697U
gastronomy,1698Q
gathering-the-news,1699W
gcp-big-data-ml-fundamentals,1700P
gcp-configuration-management,1701T
gcp-fundamentals,1702R
gcp-scalable-web-apps,1703R
gcp-security,1704O
gender-art,1705J
gender-based-violence,1706O
general-chemistry,1707Q
general-relativity,1708J
genes,1709T
genetics-evolution,1710S
genetics-society,1711E
geng-nian-qi,1712E
genome-sequencing,1713I
genomic-data-science-project,1714G
genomic-precision-medicine,1715C
genomic-tools,1716N
genomics-research,1717E
geodesign,1718N
geomatique,1719O
geopoliticaygobernanzaglobal,1720S
geopolitics-europe,1721Y
geopolitique,1722P
geospatial,1723Y
gestao-escolar,1724G
gestion-de-productividad,1725O
gestion-de-proyectos,1726J
gestion-del-talento,1727F
gestion-eau,1728N
gestion-empresa-familiar,1729B
gestion-marca-producto,1730L
gestion-organizaciones-efectivas,1731T
gestion-personas-equipos,1732D
gestionar-personas,1733D
gestionempresarialpyme,1734H
get-active,1735C
get-hired,1736E
getting-started-with-essay-writing,1737Q
ghresponder,1738F
gis,1739H
gis-applications,1740B
gis-capstone,1741F
gis-data,1742Z
global-business-environment,1743U
global-diplomacy,1744Z
global-energy,1745U
global-environmental-management,1746A
global-financial-crisis,1747K
global-financial-markets-instruments,1748S
global-health,1749L
global-health-diplomacy,1750U
global-health-human-animal-ecosystem,1751E
global-health-introduction,1752P
global-health-overview,1753B
global-health-policy,1754Q
global-theatre,1755Y
global-warming,1756Y
global-warming-model,1757Y
gmo,1758I
gobiernos-locales,1759K
grammar-punctuation,1760N
grand-challenges,1761Z
grant-proposal,1762R
graphic-design-history,1763S
greening-the-economy,1764Y
growth-strategy,1765V
gte-sustainable-cities,1766H
guitar,1767U
guitarra,1768N
habilidades-negociacion,1769H
hanzi,1770D
happiness,1771B
hardware-ios,1772F
hardware-security,1773U
hcqualityimprovement,1774G
healing-with-the-arts,1775F
health-care-innovation,1776C
health-che,1777A
health-for-all,1778F
health-gender-spectrum,1779S
health-informatics-professional,1780N
healthcare-delivery-providers,1781D
healthcare-innovation,1782D
healthcare-it,1783P
healthcare-marketing-hospitality-management,1784P
healthcare-marketplace,1785D
healthcare-marketplace-capstone,1786X
healthcare-medical-technology,1787L
healthcarejobs,1788R
hebrew-poetry,1789D
heritage-protection,1790U
hesap-calculus-dersi,1791A
hi-five-admin-it,1792P
hi-five-clinical,1793M
high-performing-teams,1794D
high-throughput,1795X
hipython,1796V
historia-reglas-futbol,1797K
historical-fiction,1798I
history-israel,1799V
history-israel-sovereign-state,1800O
history-of-rock,1801C
history-of-rock-2,1802C
holocaust-introduction-1,1803E
holocaust-introduction-2,1804M
home-care,1805A
horse-care,1806A
hotel-distribution,1807I
hotel-management-project,1808B
how-things-work,1809Q
how-to-create-a-website,1810C
how-to-teach-us,1811M
how-to-write-a-resume,1812C
how-to-write-a-scientific-paper,1813A
hpv-oral-throat-cancer,1814R
hsk-1,1815F
hsk-2,1816U
hsk-3,1817H
hsk-3-part2,1818V
html,1819Z
html-css-javascript,1820A
html-css-javascript-for-web-developers,1821H
human-brain,1822O
human-computer-interaction,1823V
human-language,1824E
human-needs,1825H
human-resources-management-capstone,1826I
human-spaceflight,1827K
humanitarian-communication,1828E
humanrights,1829G
hybrid-mobile-development,1830F
hypothesis-testing-confidence-intervals,1831A
icahn-school-of-medicine-at-mount-sinai-acute-and-chronic-rhinosinusitis,1832Q
ict-primary-education,1833Z
idea-empresa,1834W
ideas,1835C
ignite-creativity,1836Y
image-making,1837X
image-processing,1838J
impact-investing-etre-acteur,1839J
impact-of-technology,1840U
implant-dentistry,1841W
importance-of-listening,1842X
income-statement,1843G
increase-reach,1844G
india,1845V
indigenous-canada,1846E
inductive-reasoning,1847C
infection-prevention,1848L
inferential-statistics,1849Z
inferential-statistics-intro,1850D
influencing-people,1851F
infodesign,1852T
infographic-design,1853H
inform-speech,1854K
information-security-data,1855T
infrastructure-investing,1856X
infrastruktura-rynka,1857C
ingles-empresarial-finanzas-economia,1858R
ingles-empresarial-gestion-liderazgo,1859V
ingles-empresarial-marketing-ventas,1860B
ingles-empresarial-proyecto,1861N
init-prog-cpp,1862L
init-prog-java,1863Q
innovacion,1864O
innovacion-agro,1865B
innovacion-diseno,1866K
innovacionnye-proekty,1867E
innovating-digital-world,1868G
innovation-management,1869E
innovations-in-industry-robotics,1870M
innovative-entrepreneur,1871K
innovative-ideas,1872X
institutional-economics,1873M
instructional-methods-education,1874P
integrated-analysis,1875G
integrated-marketing-communications,1876M
intellectual-humility-theory,1877C
intelligent-machining,1878M
interaction-design-capstone,1879Z
interaction-techniques,1880I
interactive-computer-graphics,1881E
interactive-media-gaming,1882Z
interactive-python-1,1883C
interactive-python-2,1884H
intercultural-communication,1885V
intercultural-communication-russians,1886N
intercultural-communications,1887Z
interest-rate-models,1888D
interface-with-arduino,1889Y
interfaz-ios,1890C
intermediate-grammar-capstone,1891B
intermediate-programming-capstone,1892O
international-business,1893W
international-business-2,1894B
international-business-capstone,1895J
international-criminal-law,1896D
international-entertainment-sports-marketing,1897W
international-journalism,1898A
international-law-in-action,1899X
international-law-in-action-2,1900M
international-marketing-entry-execution,1901X
international-taxation,1902V
international-vertical-marketing-capstone-project,1903A
internet-history,1904U
internet-of-things-capstone,1905W
internet-of-things-communication,1906R
internet-of-things-dragonboard,1907Q
internet-of-things-history,1908F
internet-of-things-multimedia,1909G
internet-of-things-project,1910W
internet-of-things-sensing-actuation,1911Q
internet-technologies,1912F
internetgiants,1913C
interpersonal-communication,1914G
interview-preparation,1915J
interview-techniques,1916J
intro-chemistry,1917M
intro-data-science-programacion-estadistica-r,1918O
intro-international-marketing,1919V
intro-programming,1920C
intro-redes-sociales,1921B
intro-sig-1,1922I
intro-sig-2,1923G
introancientegypt,1924D
introclassicalmusic,1925D
introcss,1926C
introduccion-al-calculo,1927S
introduccionalaestrategia,1928M
introduction-genomics,1929S
introduction-psych,1930W
introduction-to-math,1931U
introduction-to-research-for-essay-writing,1932C
introduction-to-software-product-management,1933S
introductiontoprobability,1934S
investicii-akcii,1935U
investicii-obligacii,1936I
investigacion-de-mercados,1937F
investing-fondamentaux,1938J
investment-management,1939T
investment-philosophy,1940U
investment-returns-long-run,1941S
investment-strategies-portfolio-analysis,1942J
investment-strategy-capstone,1943R
investments-applications,1944Z
investments-fundamentals,1945C
ios-app-design-development,1946Y
ios-app-development-basics,1947R
ios-avancado,1948D
ios-jogos,1949I
iosswift,1950P
iot,1951H
iot-architecture,1952F
iot-augmented-reality-technologies,1953Z
iot-connectivity-security,1954J
iot-cyber-security,1955M
iot-devices,1956W
iot-software-architecture,1957B
israel,1958C
istoriya-ekonomicheskoy-mysli,1959S
istoriya-izobretenii-i-otkritii,1960D
it-project-management,1961N
java-chengxu-sheji,1962T
java-for-android,1963A
java-poo,1964H
java-programming,1965W
java-programming-arrays-lists-data,1966P
java-programming-design-principles,1967M
java-programming-recommender,1968L
javascript,1969T
jazz-improvisation,1970B
jerusalem,1971Y
jews-in-china,1972H
ji-chu-guang-xue,1973J
jian-ji,1974V
jianzhu-zixun-jianmo,1975T
jiegou-fangcheng-moxing,1976Y
jisuanji-biancheng,1977X
jisuanji-caozuo-xitong,1978N
jisuanji-wangluo,1979G
jisuanji-xitong,1980Z
jisuanji-zucheng,1981N
journalism,1982C
journalism-skills,1983S
journey-knowledge-action,1984L
journey-of-the-universe,1985D
juegos-3d,1986Y
julia-programming,1987B
k-12-education,1988Y
k-12-online-education,1989N
kamni,1990X
kangjunyao-chaojixijun,1991A
kennedy,1992N
khanacademy,1993S
kierkegaard,1994K
kombinatorika-dlya-nachinayushchikh,1995N
kongzi,1996V
korean-economy,1997I
kuaisu-xuexi,1998G
kunqu-opera,1999D
lancer-startup,11000U
language-theories,11001M
latex,11002A
lavenir-de-la-decision,11003Y
law-student,11004I
leadership-21st-century,11005G
leadership-challenge,11006Z
leadership-coaching,11007B
leadership-collaboration,11008N
leadership-development-planning,11009O
leadership-skills,11010Z
leadership-socialinfluence,11011L
leadership-storytelling,11012C
leading-organizations,11013V
leading-sense,11014V
leading-teams,11015O
leading-teams-project,11016W
leading-the-life-you-want,11017R
lean-manufacturing-services,11018D
learn-chinese,11019X
learn-korean,11020Q
learn-speak-korean1,11021G
learn-to-program,11022O
learning-assessment,11023L
learning-how-to-learn,11024I
learning-skills,11025V
les-alliances-qui-changent-les-territoires,11026E
lesson-design,11027P
liderazgo-educativo,11028W
life-in-soil,11029M
life-on-other-planets,11030Z
linear-circuits-dcanalysis,11031C
linear-models,11032N
linear-models-2,11033O
linear-regression-business-statistics,11034M
linear-regression-model,11035D
linearalgebra1,11036F
linearalgebra2,11037D
lisan-youhua-jianmo-gaojiepian,11038Q
lisan-youhua-jianmo-jichupian,11039F
literacy-teaching-learning,11040B
liuxing-bing-xue,11041Q
livestock-farming,11042O
living-cosmology,11043E
logic-introduction,11044Q
logical-fallacies,11045W
lunwen-xiezuo-chujie,11046V
luther-and-the-west,11047B
ma-ke-si,11048Y
machine-design1,11049T
machine-learning,11050J
machine-learning-data-analysis,11051W
macondo-gabriel-garcia-marquez,11052I
macroeconomia-pt,11053M
macroeconomic-factors,11054K
mafash,11055S
magic-middle-ages,11056A
make-comic-books,11057Z
making-architecture,11058A
making-us-president,11059I
makrojekonomika,11060D
management-leadership-english,11061D
management-philosophy,11062B
management-skills-international-business,11063L
managerial-accounting-business-decisions,11064Q
managerial-economics-capstone,11065O
managing-as-a-coach,11066W
managing-data-analysis,11067C
managing-human-resources,11068Y
managing-organization,11069F
managing-people-iese,11070N
managing-talent,11071U
managing-urban-infrastructures-1,11072J
managingmoney,11073Y
mandarin-chinese-1,11074N
mandarin-chinese-2,11075Y
mandarin-chinese-3,11076Z
market-efficiency,11077P
market-power,11078O
market-research,11079Q
market-structure,11080N
marketing-analitico,11081O
marketing-analytics,11082N
marketing-channels,11083A
marketing-customers,11084C
marketing-digital,11085Z
marketing-digital-pilares,11086I
marketing-gerencial,11087C
marketing-management,11088I
marketing-management-two,11089O
marketing-mix,11090A
marketing-mix-capstone,11091Z
marketing-plan,11092N
marketing-sales-english,11093K
marketing-strategy-entrepreneurs,11094T
marketing-verde,11095F
marketingplan,11096V
mastering-bitumen,11097L
matematicas,11098M
matematika-dlya-vseh,11099G
material-behavior,11100Z
material-informatics,11101B
material-science-engineering,11102K
materials-science,11103D
materials-structures,11104R
mathematical-thinking,11105Q
mathematics-and-python,11106O
mathematics-sport,11107C
matlab,11108H
max-weber,11109N
mba-lunwen-xiezuo,11110D
mcs-ds-applicant,11111F
meaningful-marketing-insights,11112Y
meat-we-eat,11113C
mecanique-lagrangienne,11114E
mecanique-newton,11115A
mecanique-point-materiel,11116V
mecanique-solide,11117Z
mechanics-1,11118O
mechanics-of-materials-1,11119H
mechanics-particles-planets,11120Z
mechanics2,11121I
media,11122R
medical-neuroscience,11123X
medieval-europe,11124V
mediterraneanhistory,11125Q
meeting-investors-goals,11126G
memory-and-movies,11127P
mencius2,11128F
mental-health,11129J
mercado-investigacion,11130L
mercadotecnia-sociales,11131G
metaliteracy,11132I
meteor-development,11133E
microbiome,11134X
microcontroleurs,11135F
microeconomics,11136S
microeconomics-part2,11137Y
mikroekonomika,11138L
mindfulness,11139U
mindshift,11140T
mindware,11141R
missing-data,11142V
ml-classification,11143O
ml-clustering-and-retrieval,11144V
ml-foundations,11145G
ml-regression,11146C
mobile-robot,11147Y
mobilite-afrique,11148J
mobiurba,11149W
model-thinking,11150V
modeling-discrete-optimization,11151N
modelo-negocio,11152E
modelos-de-empresa-familiar,11153B
modern-american-poetry,11154O
modern-art-ideas,11155W
modern-combinatorics,11156F
modern-middle-east-1,11157Q
modern-middle-east-2,11158Q
modern-postmodern-1,11159S
modern-postmodern-2,11160B
modern-world,11161J
modern-world-2,11162J
modpo,11163O
modular-forms-jacobi,11164H
molecular-evolution,11165I
molekulyarnaya-fizika,11166M
monde-action,11167N
money-banking,11168C
moral-politics,11169T
moralities,11170V
more-chinese-for-beginners,11171X
mosfet,11172Z
motion-and-kinetics,11173Q
motivate-people-teams,11174Y
mountains-101,11175K
moy-drug-robot,11176Y
multimodal-literacies,11177Y
multiplas-telas-iphone,11178W
music-and-social-action,11179N
music-as-biology,11180L
music-business-foundations,11181E
music-education,11182E
music-ensembles,11183O
music-industry,11184Y
music-life,11185C
music-production-capstone,11186Z
music-society,11187N
music-synthesizer,11188G
music-technology,11189M
music-theory,11190T
musicbiz,11191X
musicianship-chords,11192N
musicianship-final-project,11193U
musicianship-harmony,11194H
muslim-world,11195P
nand2tetris2,11196D
nanotechnology1,11197N
nanotechnology2,11198M
natural-attenuation-of-groundwater-contaminants,11199F
natural-language-processing,11200J
nauchno-texnicheski-text,11201O
negociacao,11202K
negociacion,11203B
negociacion-proceso,11204W
negocios-internacionales,11205V
negocios-internacionales-2,11206X
negotiation,11207R
negotiation-fundamentals,11208N
negotiation-skills,11209X
network-biology,11210C
networks-illustrated,11211E
neural-networks,11212Y
neurobiology,11213S
neuroeconomics,11214H
neurohacking,11215V
neuromarketing,11216H
new-nordic-diet,11217O
new-ventures,11218C
news-literacy,11219G
nonprofit-gov-2,11220Z
nonprofit-gov-3,11221M
nonprofit-organizations,11222V
nonviolence,11223R
norms,11224A
note-taking,11225W
noun-clauses-conditionals,11226X
nsu-genetics,11227O
nsu-virology,11228I
nube-ios,11229S
nurture-market-strategies,11230M
nutrition-pregnancy,11231Z
object-oriented-java,11232W
objective-c,11233X
oceanografia,11234D
ocenka-stoimosti-kompanii,11235Y
oilandgas,11236N
olympic-games,11237Q
operational-finance,11238F
operations,11239Z
operations-management,11240U
operations-strategy,11241E
optimizing-web-search,11242A
oral-communication,11243B
orden,11244I
ordenamiento-datos,11245Z
organic-chemistry,11246W
organization-design,11247K
organizational-analysis,11248I
organizational-behavior,11249L
orgology,11250K
orientacao-a-objetos-com-java,11251X
origensdavida,11252Q
origins-universe-solarsystem,11253C
os-pku,11254M
osnovy-filosofii,11255M
osnovy-korporativnykh-finansov,11256S
otraslevye-rynki,11257X
our-earth,11258L
pai-she,11259I
painting,11260Y
pap,11261N
papers-molecular-genetics,11262O
parallelnoye-programmirovaniye,11263F
parasitology,11264Q
parprog1,11265W
partenariats-public-prive,11266G
partenariats-qui-changent-le-monde,11267V
particle-physics,11268C
passport-to-india,11269W
patrocinio-deportivo,11270E
pds,11271N
pensamiento-sistemico,11272U
people-analytics,11273K
people-management,11274B
perfect-tenses-modals,11275G
performance-assessment,11276C
personal-branding,11277L
personality-types-at-work,11278K
personalizedmed,11279M
persuasive-communication,11280L
persuasive-writing,11281Z
pharma-medical-device-innovations,11282D
philanthropie,11283P
philanthropist,11284L
philosophy,11285G
philosophy-cognitive-sciences,11286U
philosophy-physical-sciences,11287E
philosophy-science-religion-1,11288Y
photo-composition,11289F
photo-tourist-web-app-capstone,11290C
photography,11291Q
photography-project,11292K
photography-techniques,11293D
physical-chemistry,11294P
physics-global-project,11295K
physiology,11296K
physique-optique,11297K
physique-particules,11298G
plan-de-marketing,11299G
planificacion-proyectos,11300W
planning,11301J
plant-biology,11302G
plantknows,11303F
plato,11304D
plato-dialogues,11305F
poetry-workshop,11306P
politika-sravnitelnaja,11307J
popularity,11308G
population-health,11309Y
portfelnyye-investitsii,11310J
portfolio-management,11311U
portfolio-risk-management,11312I
portfolio-selection-risk-management,11313T
posicionamiento,11314G
positioning,11315M
positive-psychology,11316K
positive-psychology-applications,11317B
positive-psychology-visionary-science,11318J
postharvest,11319I
potenciando-aprendizaje,11320H
power-electronics,11321U
power-electronics-capstone,11322P
power-onboarding,11323A
powerpoint-presentations,11324A
pr-campaigns,11325F
pr-capstone,11326N
practical-machine-learning,11327N
pre-calculus,11328M
predictive-analytics,11329Q
predictive-modeling-analytics,11330F
prednaznachenie-delo-jizni,11331C
presentation-design,11332Y
presentation-skills,11333O
presentations-speaking-so-that-people-listen,11334Z
preserving-cultural-heritage,11335L
presupuestos-proyecto,11336G
pricing-strategy,11337N
principios-de-desenvolvimento-agil-de-software,11338C
principles-of-computing-1,11339J
principles-of-computing-2,11340R
principles-of-macroeconomics,11341D
principles-of-microeconomics,11342N
private-equity,11343T
prob1,11344G
probabilistic-graphical-models,11345B
probabilistic-graphical-models-2-inference,11346L
probabilistic-graphical-models-3-learning,11347Q
probabilites-1,11348H
probabilites-2,11349Y
probability-intro,11350K
probability-theory-basics,11351H
problem-solving,11352H
process-improvement,11353H
process-mining,11354P
produccion-musical,11355E
produccionycomposicion,11356B
producing-music,11357F
professional-brand,11358N
professional-emails,11359Y
professional-emails-english,11360T
professional-identity,11361V
professional-skills-networking,11362I
professional-teacher,11363S
progfun1,11364C
progfun2,11365B
program-code,11366A
programae,11367M
programandoconjava,11368X
programming-languages,11369Q
programming-languages-part-b,11370K
programming-languages-part-c,11371O
project-management-basics,11372L
project-management-capstone,11373Y
project-planning,11374V
project-risk-management,11375B
property-law-and-economics,11376L
protected-areas,11377Y
protools,11378R
prototyping-design,11379V
proyecto-capstone-ie,11380G
proyecto-desarrollo-videojuegos,11381G
proyecto-musico,11382C
proyecto-negociacion,11383Y
proyecto-profesional,11384B
prresearch,11385C
psychological-first-aid,11386Y
psychology-science-intro,11387K
psykhodyahnostyka,11388J
psykhologiya-truda,11389W
public-art-pedagogy,11390F
public-economics,11391W
public-health-depression,11392W
public-policy,11393Q
public-relations,11394H
public-speaking,11395D
publicidad-digital,11396G
python,11397J
python-capstone,11398G
python-data,11399Y
python-data-analysis,11400D
python-data-processing,11401Q
python-data-visualization,11402J
python-databases,11403D
python-genomics,11404T
python-network-data,11405C
python-plotting,11406E
python-programming-introduction,11407B
qin-shi-huang,11408Y
qualitative-methods,11409K
quality-healthcare,11410O
quantitative-formal-modeling-1,11411E
quantitative-foundations-international-business,11412Z
quantitative-methods,11413D
quantum-optics-single-photon,11414G
questionnaire-design,11415V
quimica-en-mi-casa,11416H
r-capstone,11417L
r-data-visualization,11418C
r-packages,11419N
r-programming,11420O
r-programming-environment,11421X
rails-with-active-record,11422O
raspberry-pi-interface,11423R
raspberry-pi-platform,11424V
razrabotka-korporativnih-sistem-modeli-jiznennogo-cikla,11425C
real-life-data-science,11426P
real-time-systems,11427F
recherche-documentaire,11428T
recommender-systems-introduction,11429K
recruiting-hiring-onboarding-employees,11430E
red-social,11431W
redes-sociales-caracteristicas,11432E
redes-sociales-estrategias,11433S
redes-sociales-proyecto,11434G
regression-modeling-practice,11435Q
regression-models,11436N
relationship-management,11437A
religions-society-china,11438U
rengong-zhineng,11439V
renqun-wangluo,11440Y
representaciones-culturales,11441Q
reproducible-research,11442Q
reproductive-health,11443M
research-methods,11444H
resilience-in-children,11445R
resolucion-decisiones,11446L
responsible-management,11447Z
responsive-web-design,11448S
responsive-web-design-capstone,11449A
responsive-website-examples,11450D
responsivedesign,11451E
resposta-frequencia,11452X
resultados,11453C
resume-writing,11454C
reussir-le-changement,11455W
reviews-and-metrics-for-software-improvements,11456L
riesgos-cambios-proyectos,11457P
risk-and-return,11458T
robotica-inicial,11459S
robotics-capstone,11460A
robotics-flight,11461Z
robotics-learning,11462I
robotics-mobility,11463H
robotics-motion-planning,11464C
robotics-perception,11465U
roboty-arduino,11466Z
rock-and-roll-music,11467Y
role-of-advertising,11468Y
rolling-stones,11469N
roman-architecture,11470G
roman-art-archaeology,11471P
rookie-teaching,11472J
roosevelt,11473W
ruanjian-ceshi,11474P
ruanjian-gongcheng,11475N
ruby-on-rails-intro,11476R
ruby-on-rails-web-services-mongodb,11477N
ruhe-xuexi,11478J
russian,11479C
russian-trademark-law,11480D
rynki-kapitala-finansovyye-instituty,11481S
sales-strategies,11482G
sampling-methods,11483L
sanitation,11484B
sanitation-fr,11485F
satellite-communications,11486W
scala-capstone,11487D
scala-spark-big-data,11488P
scandinavian-movies-tv,11489O
schedule-projects,11490O
scholarly-communication,11491U
science-of-meditation,11492R
science-of-training-young-athletes-part-2,11493X
screening,11494I
script-writing,11495B
search-engine-optimization,11496D
security,11497E
security-safety-globalized-world,11498M
seguridad-alimentaria,11499P
self-awareness,11500S
self-marketing,11501E
seo-fundamentals,11502I
seo-project,11503R
seo-strategies,11504L
seo-tactics,11505T
serious-gaming,11506V
server-side-development,11507T
sexualidad,11508H
sexualidad-y-educacion,11509S
shaonian-fuli,11510B
shehu-yanjiu-fangfa,11511S
shehui-diaocha-yanjiu-fangfa,11512Y
sheng-c-biancheng,11513C
sheng-li-xue,11514V
sheng-ming-an-quan-ji-jiu,11515I
sheng-wu-xin-xi-xue,11516R
shengming-kexue-fazhanshi,11517Y
shengwu-huaxue,11518T
shengwu-yanhua,11519B
sheying,11520K
shiji,11521G
shipin-anquan,11522H
shiyan-jingji-xue,11523C
shuju-jiegou-suanfa,11524N
single-page-web-apps-with-angularjs,11525C
sistemas-digitales,11526W
sliyaniye-pogloshcheniye,11527J
sluchajnye-graphy,11528B
smart-cities,11529V
smartphone-emerging-technologies,11530L
smm-campaniya,11531J
smm-osnovy,11532V
smm-platformy,11533D
social-business-model,11534O
social-computing,11535E
social-economic-networks,11536B
social-entrepreneurship-opportunities,11537I
social-imc,11538B
social-impact,11539L
social-innovation,11540F
social-marketing-capstone,11541Y
social-media-data-analytics,11542M
social-media-pr,11543M
social-science-capstone,11544L
software-processes-and-agile-practices,11545I
software-product-management-capstone,11546Z
software-security,11547A
solar-cell,11548U
solar-system,11549A
solid-waste-management,11550M
soluciondeproblemas,11551X
songwriting-lyrics,11552Q
soscapproachchina1,11553B
sotsialnaya-set,11554X
soulbeliefs,11555W
soulbeliefs2,11556T
soulbeliefs3,11557U
sourcing,11558A
spanish-vocabulary-cultural-experience,11559M
spanish-vocabulary-meeting-people,11560M
spatial-analysis,11561J
speak-english-professionally,11562X
sport-sponsorship,11563O
sports-agent,11564I
sports-society,11565L
spss-ruanjian,11566M
sql-server-shujuku-jishu,11567I
start-your-own-business-2-ideation,11568B
startup-entrepreneurship-discovering-ideas,11569O
startup-entrepreneurship-from-idea-to-startup,11570M
startup-entrepreneurship-innovation-career-lessons,11571H
startup-financing-without-vc,11572W
startup-funding,11573X
startup-idea,11574B
startup-technologique,11575A
statistical-genomics,11576N
statistical-inference,11577V
statistical-inferences,11578Y
statistical-mechanics,11579Q
statistical-reasoning-1,11580G
statistical-reasoning-2,11581N
statistical-thermodynamics,11582D
statistical-thermodynamics-cm,11583H
statistics-international-business,11584W
statistics-project,11585U
stats-for-data-analysis,11586X
stories-of-infection,11587P
story-writing-project,11588Z
strategic-business-analytics,11589E
strategic-business-analytics-capstone,11590E
strategic-career-self-management,11591W
strategic-innovation,11592W
strategic-innovation-building-and-sustaining-innovative-organizations,11593P
strategic-leadership-capstone,11594N
strategic-management,11595G
strategy-business,11596A
strategy-formulation,11597P
strategy-implementation,11598K
strategy-law-ethics,11599E
strategy-sustainability,11600R
strengthening-your-widening-network,11601W
string-quartet,11602Z
structural-equation-model-cantonese,11603S
struktura-kapitala-kompanii,11604W
study-in-japan,11605U
su-dongpo,11606W
suanfa-jichu,11607Z
subsistence-marketplaces,11608L
success,11609Y
successful-interviewing,11610T
supervised-learning,11611A
supply-chain-logistics,11612N
supply-chain-management,11613L
supply-chain-management-strategy,11614Q
surviving-disruptive-technologies,11615K
sustainability,11616N
sustainable-agriculture,11617D
sustainable-development,11618Q
sustentabilidad-economias-sociales,11619B
swift,11620C
swift-programming,11621J
synapses,11622B
systematic-review,11623O
systems-biology,11624N
systems-biology-capstone,11625O
systems-engineering,11626P
systems-engineering-1,11627E
systems-science-obesity,11628A
systems-thinking,11629G
taiwan-marketing-stp-crm,11630B
taknulujia-alnnanu1,11631L
tang-poems,11632K
tdd-desenvolvimento-de-software-guiado-por-testes,11633J
teach-light-color,11634R
teach-online,11635U
teach-violin-lessons,11636B
teacher-curriculum,11637G
teacher-relationships,11638B
teaching,11639N
teaching-character,11640W
teaching-common-grammar-mistakes,11641Y
teaching-elementary,11642J
teaching-english,11643Y
teaching-english-capstone,11644S
teaching-english-capstone-2,11645P
teaching-evolution,11646I
teaching-learning,11647K
teaching-learning-tools,11648R
teaching-plan,11649L
teaching-secondary,11650A
teaching-strategies,11651N
teachingscience,11652N
team-culture,11653X
tech-startup,11654R
technology-commercialization,11655I
technology-of-music-production,11656H
tecnicas-microscopicas-caracterizacion,11657G
teoriya-grafov,11658C
teoriya-smi,11659C
terrorism,11660R
tesol-speaking,11661S
tesol-technology,11662T
tesol-writing,11663F
tesoros-de-la-fisica,11664O
text-mining,11665S
text-retrieval,11666Y
tga-executivos,11667I
the-beatles,11668G
the-blues,11669W
the-cycle,11670J
the-holocaust,11671J
the-south,11672Z
the-talmud,11673K
theorie-de-galois,11674C
thermo-apps,11675Z
thermo-base,11676P
thermodynamics-intro,11677I
theropods-birds,11678H
thomas-berry,11679V
thoracic-oncology,11680Y
tianwenxue,11681T
time-value-money,11682Q
tinkering,11683E
together-teacher,11684D
trabaja-inteligentemente,11685I
trading-algorithm,11686H
trading-basics,11687R
transmedia-storytelling,11688Q
transreality-gaming,11689C
tricky-american-english-pronunciation,11690K
tricky-english-grammar,11691X
trigonometry,11692M
truthinourbones-osteoarchaeology-archaeology,11693W
types-of-conflict,11694M
typography,11695E
ui,11696A
ui-design,11697N
understanding-arguments,11698H
understanding-china-history-part-1,11699E
understanding-china-history-part-2,11700X
understanding-financial-markets,11701P
understanding-korean-politics,11702F
understanding-obesity,11703F
understandingterror,11704E
undp-cso,11705G
unethical-decision-making,11706R
unity-kaifa-jinjie,11707L
unity-yinqing-youxi-kaifa,11708L
unsupervised-learning,11709Z
unwritten-constitution,11710K
upravlenie-lichnymi-finansami,11711O
upravlinnya-chasom,11712Z
urban-development,11713Z
urban-education,11714D
usable-security,11715E
user-experience-design,11716L
user-research,11717X
uva-darden-advanced-business-strategy,11718P
uva-darden-agile-development-capstone,11719C
uva-darden-agile-team-management,11720H
uva-darden-agile-testing,11721E
uva-darden-bcg-pricing-strategy-cost-economics,11722A
uva-darden-business-growth-strategy,11723E
uva-darden-business-society,11724T
uva-darden-business-strategy-capstone,11725L
uva-darden-design-thinking-innovation,11726E
uva-darden-financial-accounting,11727L
uva-darden-foundations-business-strategy,11728X
uva-darden-getting-started-agile,11729T
uva-darden-market-analytics,11730H
uva-darden-project-management,11731I
uva-darden-running-design-sprints,11732E
uva-darden-smart-growth-strategy-1,11733O
uva-darden-smart-growth-strategy-2,11734L
uva-darden-strategic-planning-execution,11735A
ux-ui-design,11736R
va-health-care,11737N
valuacionempresas,11738G
valuation,11739U
valuation-methods,11740V
valuation-multiples,11741W
valuation-project,11742O
value-creation,11743F
verb-passives,11744L
video-game-story,11745F
video-game-world,11746F
videogames,11747B
videojuegos-animation,11748C
videojuegos-capstone,11749E
videojuegos-diseno,11750T
videojuegos-emprendimiento,11751Q
videojuegos-engine,11752V
videojuegos-intro,11753U
videojuegos-play,11754L
villes-africaines-1,11755J
violence,11756N
virtual-school,11757Q
virtual-teacher-capstone,11758G
visual-perception,11759D
vocal-production,11760X
vvedenie-mashinnoe-obuchenie,11761X
wangluo-kecheng-xuexi-pingjia,11762J
war,11763G
water,11764A
water-management,11765J
wealth-planning-capstone,11766P
web-app,11767S
web-application-development,11768O
web-design-project,11769U
web-development,11770L
web-development-project,11771M
web-frameworks,11772B
web-semantica,11773O
website-coding,11774T
wei-dian-ying,11775Q
weight-loss-plan,11776R
western-christianity-200-1650,11777U
wharton-business-financial-modeling-capstone,11778Q
wharton-capstone,11779U
wharton-capstone-analytics,11780T
wharton-communication-skills,11781U
wharton-contabilidad-financiera,11782Y
wharton-corruption,11783L
wharton-decision-making-scenarios,11784F
wharton-entrepreneurship-capstone,11785Q
wharton-entrepreneurship-financing-profitabilty,11786S
wharton-entrepreneurship-opportunity,11787U
wharton-finanzas-corporativas,11788I
wharton-gestion-operaciones,11789H
wharton-introduccion-marketing,11790X
wharton-introduction-spreadsheets-models,11791N
wharton-kuaiji,11792D
wharton-launching-startup,11793L
wharton-quantitative-modeling,11794Z
wharton-risk-models,11795H
wharton-shichang-ying-xiao,11796O
wharton-social-human-capital,11797Z
wharton-succcess,11798O
what-is-news,11799P
what-is-social,11800Q
wind-energy,11801U
wine,11802V
wireless-communication-technologies,11803Q
wireless-communications,11804D
women-in-leadership,11805U
wood-science,11806V
work-psychology,11807W
work-smarter-not-harder,11808O
world-change,11809T
writing-english-university,11810K
writing-for-business,11811A
writing-for-children,11812C
written-constitution,11813B
wuli,11814Q
xila-zhexue,11815J
xin-li-xue-sheng-huo,11816U
xingfa-xue-zong-lun,11817O
xinxi-shehui,11818S
xitong-pingtai-csharp-chengxu-jichu,11819Q
yingyang-jiankang,11820F
yingyuyanjiang,11821Y
youth-health,11822G
youth-sports,11823D
youxi-cehua-sheji,11824L
youxi-chanye-gailun,11825P
zarisovki-o-sibiri,11826K
zhenge-beida-zaixian-chuangye,11827Z
zhexue-daolun,11828B
zhichang-suyang,11829F
zhong-yao-zhi-shi,11830L
zhong-yi-yao-wen-hua,11831K
zhongguorenwenjingdiandaodu,11832A
zhuangzi,11833N
zika,11834J
